Title,Link
Garden State,
10 Things I Hate About You,
Coyote Ugly,
Cruel Intentions,
The Fast and the Furious,
The Peacemaker,
Gettysburg,
James Bond,
The Endless Summer,
Ronin,
The Thomas Crown Affair,
Sneakers,
Hackers,
Slackers,
The Saint,
Bullitt,
Clear and Present Danger,
The Big Lebowski,
Varsity Blues,
Lara Croft: Tomb Raider,
The Shawshank Redemption,
The Princess Bride,
The Score,
The Net,
Swingers,
PCU,
Operation Petticoat,
American Pie,
Boiler Room,
Ocean's 11,
Chasing Bubbles,https://www.youtube.com/watch?v=ibP5IQxId34
Hold Fast,https://vimeo.com/15351476
Field of Dreams,
Real Genius,
Space or Nothing - First Student Launch to Space,https://vimeo.com/347635737
Blue Crush,
The Transporter,
The Long Way Around,https://www.youtube.com/watch?v=khhIE-bC9Ao
I'm Not Stopping â€“ Lael Wilcox Races the Navad 1000 Across Switzerland,https://www.youtube.com/watch?v=f4g1gRIEFs8
The Hunt for Red October,
USUFRUCT,https://www.youtube.com/watch?v=E-hrJAQ5Fes
The American,
Johnny Mnemonic,
